task_id,creator,report,report_file,feedback,created_at,updated_at
67ee63221711f340729a08db,67ede2ec1711f340729a08d6,"Đã hoàn thành khảo sát và lập danh sách 15 thiết bị cần giám sát trong giai đoạn 1. Đang tiến hành cấu hình các cảm biến nhiệt độ và áp suất.","survey_results_phase1.pdf","Cần bổ sung thêm các thiết bị tại khu vực B. Xem lại danh sách và cập nhật.",1714964000,1714964000
67ee63221711f340729a08db,67ede2ec1711f340729a08d6,"Đã lắp đặt và cấu hình xong 7/15 thiết bị giám sát. Hệ thống đang thu thập dữ liệu ban đầu. Gặp vấn đề về kết nối mạng tại khu vực sản xuất.","monitoring_system_phase1.docx","Liên hệ với bộ phận IT để hỗ trợ vấn đề kết nối. Cần hoàn thành ít nhất 10 thiết bị trước cuối tuần.",1715137600,1715137600
67ee63221711f340729a08db,67ede2ec1711f340729a08d6,"Đã hoàn thành lắp đặt 12/15 thiết bị. Vấn đề kết nối đã được giải quyết. Đang tiến hành cấu hình dashboard hiển thị các thông số giám sát.","dashboard_config_v1.xlsx","",1715310400,1715310400
67ee63221711f340729a08dc,67ede2ec1711f340729a08d7,"Đã tiến hành phân tích sơ bộ các điểm nghẽn trong quy trình sản xuất công đoạn A. Đề xuất khảo sát chi tiết và lấy ý kiến từ nhân viên vận hành.","initial_analysis.pdf","",1714996800,1714996800
67ee63221711f340729a08dd,67ede2ec1711f340729a08d5,"Đã kiểm tra toàn bộ hệ thống điện khu vực A. Phát hiện 3 cầu dao cần thay thế và một số dây dẫn cần bọc lại.","electrical_inspection_A.pdf","Ưu tiên thay thế cầu dao tại khu vực máy ép trước. Đặt hàng thêm cầu dao dự phòng.",1714704800,1714704800
67ee63221711f340729a08dd,67ede2ec1711f340729a08d5,"Đã thay thế 3 cầu dao và bọc lại các đoạn dây dẫn bị hư hỏng. Kiểm tra hệ thống chiếu sáng và phát hiện 5 bóng đèn cần thay.","electrical_maintenance_report.docx","Đã duyệt. Tiến hành thay bóng đèn và kiểm tra lại toàn bộ hệ thống.",1714964000,1714964000
67ee63221711f340729a08dd,67ede2ec1711f340729a08d5,"Hoàn thành bảo trì toàn bộ hệ thống điện nhà xưởng. Đã thay thế bóng đèn và kiểm tra lại tất cả các khu vực. Đề xuất lắp đặt thêm 2 ổ cắm tại khu vực đóng gói.","final_electrical_report.pdf","Báo cáo đầy đủ, chi tiết. Đã duyệt đề xuất lắp thêm ổ cắm. Lên kế hoạch bảo trì định kỳ 3 tháng/lần.",1715223200,1715223200
67ee63221711f340729a08dd,67ede2ec1711f340729a08d5,"Ghi nhận tổng kết: Toàn bộ hệ thống điện đã được bảo trì và hoạt động ổn định. Đã lập lịch kiểm tra định kỳ vào ngày 15 hàng tháng.","maintenance_schedule.xlsx","Phê duyệt báo cáo cuối cùng và lịch bảo trì. Công việc hoàn thành tốt.",1715482800,1715482800
67ee63221711f340729a08de,67ede2ec1711f340729a08d8,"Đã tiến hành khảo sát và lựa chọn 5 loại vật liệu tiềm năng cho sản phẩm B. Đã liên hệ với 3 nhà cung cấp để lấy mẫu.","material_selection_report.pdf","Bổ sung thêm thông tin chi phí dự kiến cho mỗi loại vật liệu và tác động đến quy trình sản xuất.",1715137600,1715137600
67ee63221711f340729a08de,67ede2ec1711f340729a08d8,"Đã nhận được mẫu từ 2/3 nhà cung cấp. Tiến hành thử nghiệm cơ bản về độ bền và khả năng chịu nhiệt.","material_testing_phase1.xlsx","",1715309600,1715309600
67ee63221711f340729a08df,67ede2ec1711f340729a08d9,"Đã rà soát và phân loại toàn bộ tài liệu kỹ thuật hiện có của sản phẩm C. Phát hiện 30% tài liệu cần cập nhật theo chuẩn ISO mới.","document_audit_report.pdf","Ưu tiên cập nhật tài liệu hướng dẫn vận hành và bảo trì trước. Cần hoàn thành trong tuần này.",1714704800,1714704800
67ee63221711f340729a08df,67ede2ec1711f340729a08d9,"Đã cập nhật 50% tài liệu theo chuẩn ISO mới. Hoàn thành toàn bộ hướng dẫn vận hành và đang tiến hành cập nhật tài liệu bảo trì.","updated_operation_manual.docx","Tài liệu đạt yêu cầu. Tiếp tục cập nhật phần còn lại và gửi cho bộ phận QC kiểm tra.",1714964000,1714964000
67ee63221711f340729a08df,67ede2ec1711f340729a08d9,"Đã cập nhật 90% tài liệu kỹ thuật, bao gồm toàn bộ hướng dẫn vận hành, bảo trì và danh mục linh kiện. Đang hoàn thiện phần bản vẽ kỹ thuật.","technical_docs_v3.1.pdf","Báo cáo chi tiết và đầy đủ. Hoàn thiện phần bản vẽ và chuẩn bị họp đánh giá cuối cùng.",1715223200,1715223200
67ee63221711f340729a08df,67ede2ec1711f340729a08d9,"Đã hoàn thành 100% tài liệu kỹ thuật theo chuẩn ISO mới. Toàn bộ tài liệu đã được đưa vào hệ thống quản lý tài liệu và gắn mã quy trình mới.","finalized_technical_docs.zip","Đang xem xét phê duyệt. Cần bổ sung một số chi tiết về quy trình bảo trì định kỳ.",1715309600,1715309600
67ee63221711f340729a08e0,67ede2ec1711f340729a08d6,"Đã hoàn thành bản thiết kế sơ bộ cho thiết bị D phiên bản 2.0 dựa trên yêu cầu từ phòng marketing. Đang xây dựng mô hình 3D chi tiết.","preliminary_design_v2.0.pdf","Thiết kế sơ bộ đáp ứng yêu cầu. Cần tối ưu hóa kích thước và trọng lượng. Tiến hành phát triển mô hình chi tiết.",1715137600,1715137600
67ee63221711f340729a08e0,67ede2ec1711f340729a08d6,"Đã hoàn thành mô hình 3D và thiết kế chi tiết cho 70% các bộ phận. Gặp một số vấn đề về tương thích với hệ thống hiện tại, đang tìm giải pháp.","3d_model_v2.1.dwg","Xử lý vấn đề tương thích bằng cách điều chỉnh cổng kết nối. Tham khảo thiết kế của phiên bản 1.5 để đảm bảo khả năng tương thích ngược.",1715223600,1715223600
67ee63221711f340729a08e0,67ede2ec1711f340729a08d6,"Đã giải quyết vấn đề tương thích và hoàn thiện 85% thiết kế chi tiết. Đang tiến hành phân tích mô phỏng về độ bền và hiệu suất.","simulation_results.xlsx","Kết quả mô phỏng tốt. Tiến hành hoàn thiện thiết kế và chuẩn bị tài liệu cho sản xuất mẫu.",1715396400,1715396400
67ee63221711f340729a08e1,67ede2ec1711f340729a08d7,"Đã kiểm tra hệ thống làm mát tại dây chuyền sản xuất số 3. Phát hiện rò rỉ nước từ van điều khiển và bơm làm mát hoạt động không ổn định.","cooling_system_inspection.pdf","Ưu tiên thay thế van điều khiển trước để ngăn rò rỉ. Kiểm tra kỹ lưỡng nguyên nhân khiến bơm làm mát không ổn định.",1714618400,1714618400
67ee63221711f340729a08e1,67ede2ec1711f340729a08d7,"Đã thay thế van điều khiển và kiểm tra bơm làm mát. Phát hiện rác trong hệ thống gây tắc nghẽn. Đã tiến hành vệ sinh toàn bộ hệ thống.","pump_maintenance_report.docx","Thiết lập quy trình kiểm tra và vệ sinh định kỳ để tránh tái diễn vấn đề. Tiếp tục theo dõi hoạt động của hệ thống trong 48 giờ.",1714791200,1714791200
67ee63221711f340729a08e1,67ede2ec1711f340729a08d7,"Sau 48 giờ theo dõi, hệ thống làm mát hoạt động ổn định. Đã lắp đặt thêm bộ lọc để ngăn rác đi vào hệ thống. Nhiệt độ làm việc đã trở lại mức bình